{
    "model_type": "bio_transformer",
    "generation_params": {
        "fs": 125,
        "num_predicted_points": 125,
        "input_window_sec": 6,
        "generation_sec": 1
    },
    "performance_metrics": {
        "rmse": 0.16884028911590576,
        "mae": 0.12172098457813263,
        "snr": 1.5250641107559204,
        "pearson": 0.2712442874908447,
        "cosine_sim": 0.7501065135002136,
        "bpm_mae": 5.55882177474559
    },
    "performance_std": {
        "rmse_std": 0.0034504460636526346,
        "mae_std": 0.0031553383450955153,
        "snr_std": 0.17911547422409058,
        "pearson_std": 0.04039044678211212,
        "cosine_sim_std": 0.01032242737710476,
        "bpm_mae_std": 0.9995920362148075
    }
}