{
    "experiment_config": {
        "model_type": "lightweight_hybrid",
        "device": "cuda",
        "excluded_subjects_ids": [
            4,
            13,
            15,
            31,
            32,
            33,
            44,
            53
        ],
        "target_fs": 125,
        "beat_len": 120,
        "overlap_pct": 0.7,
        "x_sec": 6,
        "gen_sec": 1,
        "overlap_windows": false,
        "apply_wst": true,
        "apply_dwt": false,
        "apply_augmentation": true,
        "apply_context_augmentation": false,
        "aug_context_noise": 0.1,
        "aug_context_mask": true,
        "aug_random_gain": true,
        "aug_time_stretch": true,
        "normalize_01": true,
        "apply_ecg_filter": true,
        "ppg_bandpass": [
            0.5,
            5.0
        ],
        "ecg_bandpass": [
            0.5,
            25.0
        ],
        "use_morphological_loss": true,
        "morph_loss_weight": 0.7,
        "peak_loss_weight": 1.5,
        "batch_size": 64,
        "optimizer_type": "ADAM",
        "lr": 0.0005,
        "epochs": 1000,
        "patience": 20,
        "k-fold": 5,
        "model_save_path": "/home/mmerone/mattia/ecg_generation/src/bidmc_generation/models/ha_cnn_bilstm_withWST/20260207_114110/fold_5",
        "train_ratio": 0.95,
        "val_ratio": 0.03,
        "seed": 43,
        "input_channels": 16,
        "actual_seq_len": 187,
        "target_len": 125
    },
    "aggregated_performance": {
        "mean": {
            "rmse": 0.1252126157283783,
            "mae": 0.08358261585235596,
            "snr": 9.020541763305664,
            "pearson": 0.1314644455909729,
            "cosine_sim": 0.8907317161560059,
            "bpm_mae": 11.989948721830057
        },
        "std": {
            "rmse": 0.03543142682148233,
            "mae": 0.031223374624270543,
            "snr": 5.84672926525867,
            "pearson": 0.2755806982602564,
            "cosine_sim": 0.1162694991184702,
            "bpm_mae": 6.920736292000946
        },
        "min": {
            "rmse": 0.09050343185663223,
            "mae": 0.0583595335483551,
            "snr": 2.4586048126220703,
            "pearson": -0.20045366883277893,
            "cosine_sim": 0.7521690130233765,
            "bpm_mae": 2.38710317002979
        },
        "max": {
            "rmse": 0.1732470989227295,
            "mae": 0.13158880174160004,
            "snr": 14.769704818725586,
            "pearson": 0.4657436013221741,
            "cosine_sim": 0.9832912683486938,
            "bpm_mae": 21.252958595419948
        }
    },
    "fold_details": [
        {
            "fold": 1,
            "train_subjects_count": 43,
            "val_subject": "S25",
            "test_subject": "S26",
            "metrics": {
                "rmse": 0.10843245685100555,
                "mae": 0.07091668248176575,
                "snr": 13.495366096496582,
                "pearson": -0.09964419901371002,
                "cosine_sim": 0.9781686067581177,
                "bpm_mae": 14.995132456481008
            }
        },
        {
            "fold": 2,
            "train_subjects_count": 43,
            "val_subject": "S21",
            "test_subject": "S51",
            "metrics": {
                "rmse": 0.1516580879688263,
                "mae": 0.0978526920080185,
                "snr": 2.4586048126220703,
                "pearson": 0.2796964645385742,
                "cosine_sim": 0.7521690130233765,
                "bpm_mae": 9.955420266493423
            }
        },
        {
            "fold": 3,
            "train_subjects_count": 43,
            "val_subject": "S09",
            "test_subject": "S14",
            "metrics": {
                "rmse": 0.1732470989227295,
                "mae": 0.13158880174160004,
                "snr": 3.0727386474609375,
                "pearson": -0.20045366883277893,
                "cosine_sim": 0.7756646871566772,
                "bpm_mae": 11.359129120726124
            }
        },
        {
            "fold": 4,
            "train_subjects_count": 43,
            "val_subject": "S23",
            "test_subject": "S17",
            "metrics": {
                "rmse": 0.09050343185663223,
                "mae": 0.0583595335483551,
                "snr": 14.769704818725586,
                "pearson": 0.21198002994060516,
                "cosine_sim": 0.9832912683486938,
                "bpm_mae": 21.252958595419948
            }
        },
        {
            "fold": 5,
            "train_subjects_count": 43,
            "val_subject": "S12",
            "test_subject": "S18",
            "metrics": {
                "rmse": 0.1022220030426979,
                "mae": 0.059195369482040405,
                "snr": 11.306294441223145,
                "pearson": 0.4657436013221741,
                "cosine_sim": 0.9643650054931641,
                "bpm_mae": 2.38710317002979
            }
        }
    ]
}