{
    "model_type": "ha_cnn_bilstm",
    "generation_params": {
        "fs": 125,
        "num_predicted_points": 62,
        "input_window_sec": 7,
        "generation_sec": 0.5
    },
    "performance_metrics": {
        "rmse": 0.0635937750339508,
        "mae": 0.04572111368179321,
        "snr": 17.475126266479492,
        "pearson": 0.07022693753242493,
        "cosine_sim": 0.991131603717804,
        "bpm_mae": 7.494553051591326
    },
    "performance_std": {
        "rmse_std": 0.01460859552025795,
        "mae_std": 0.01067416649311781,
        "snr_std": 2.602452516555786,
        "pearson_std": 0.05771281197667122,
        "cosine_sim_std": 0.004600923508405685,
        "bpm_mae_std": 3.2665932372611404
    }
}