{
    "model_type": "bio_transformer",
    "generation_params": {
        "fs": 125,
        "num_predicted_points": 125,
        "input_window_sec": 6,
        "generation_sec": 1
    },
    "performance_metrics": {
        "rmse": 0.15237629413604736,
        "mae": 0.0969603881239891,
        "snr": 4.187386512756348,
        "pearson": 0.07886666059494019,
        "cosine_sim": 0.7992899417877197,
        "bpm_mae": 16.728186775861115
    },
    "performance_std": {
        "rmse_std": 0.0018472683150321245,
        "mae_std": 0.0017952624475583434,
        "snr_std": 0.09651680290699005,
        "pearson_std": 0.027015283703804016,
        "cosine_sim_std": 0.004447071347385645,
        "bpm_mae_std": 6.495708724587573
    }
}