{
    "model_type": "dual_branch_hybrid",
    "generation_params": {
        "fs": 125,
        "num_predicted_points": 125,
        "input_window_sec": 6,
        "generation_sec": 1
    },
    "performance_metrics": {
        "rmse": 0.18404358625411987,
        "mae": 0.13178928196430206,
        "snr": 2.5488619804382324,
        "pearson": -0.1408592313528061,
        "cosine_sim": 0.7647130489349365,
        "bpm_mae": 12.921965490903972
    },
    "performance_std": {
        "rmse_std": 0.004145881626754999,
        "mae_std": 0.0032731357496231794,
        "snr_std": 0.17341795563697815,
        "pearson_std": 0.018778963014483452,
        "cosine_sim_std": 0.005970251280814409,
        "bpm_mae_std": 1.4067107365965381
    }
}