{
    "model_type": "lightweight_hybrid",
    "generation_params": {
        "fs": 125,
        "num_predicted_points": 125,
        "input_window_sec": 6,
        "generation_sec": 1
    },
    "performance_metrics": {
        "rmse": 0.1732470989227295,
        "mae": 0.13158880174160004,
        "snr": 3.0727386474609375,
        "pearson": -0.20045366883277893,
        "cosine_sim": 0.7756646871566772,
        "bpm_mae": 11.359129120726124
    },
    "performance_std": {
        "rmse_std": 0.0025911114644259214,
        "mae_std": 0.001564590260386467,
        "snr_std": 0.10647958517074585,
        "pearson_std": 0.016801653429865837,
        "cosine_sim_std": 0.006122290622442961,
        "bpm_mae_std": 1.2309551025066283
    }
}