{
    "model_type": "lightweight_hybrid",
    "generation_params": {
        "fs": 125,
        "num_predicted_points": 187,
        "input_window_sec": 7,
        "generation_sec": 1.5
    },
    "performance_metrics": {
        "rmse": 0.07650503516197205,
        "mae": 0.05096137523651123,
        "snr": 15.760740280151367,
        "pearson": 0.14417363703250885,
        "cosine_sim": 0.9856250882148743,
        "bpm_mae": 19.41655706357927
    },
    "performance_std": {
        "rmse_std": 0.012114787474274635,
        "mae_std": 0.010141815058887005,
        "snr_std": 2.138235569000244,
        "pearson_std": 0.06173139438033104,
        "cosine_sim_std": 0.006376113276928663,
        "bpm_mae_std": 4.95545658595983
    }
}