{
    "model_type": "dual_branch_hybrid",
    "generation_params": {
        "fs": 125,
        "num_predicted_points": 125,
        "input_window_sec": 6,
        "generation_sec": 1
    },
    "performance_metrics": {
        "rmse": 0.15434736013412476,
        "mae": 0.11408285051584244,
        "snr": 2.304471731185913,
        "pearson": 0.16439200937747955,
        "cosine_sim": 0.7483502626419067,
        "bpm_mae": 27.519823044119022
    },
    "performance_std": {
        "rmse_std": 0.003053464228287339,
        "mae_std": 0.0029251319356262684,
        "snr_std": 0.17855320870876312,
        "pearson_std": 0.05682223662734032,
        "cosine_sim_std": 0.008148372173309326,
        "bpm_mae_std": 2.937114773700004
    }
}