{
    "model_type": "dual_branch_hybrid",
    "generation_params": {
        "fs": 125,
        "num_predicted_points": 125,
        "input_window_sec": 6,
        "generation_sec": 1
    },
    "performance_metrics": {
        "rmse": 0.09621596336364746,
        "mae": 0.06228845939040184,
        "snr": 14.239005088806152,
        "pearson": 0.014965446665883064,
        "cosine_sim": 0.9823733568191528,
        "bpm_mae": 24.140941102533546
    },
    "performance_std": {
        "rmse_std": 0.002990803914144635,
        "mae_std": 0.0026805477682501078,
        "snr_std": 0.2720004916191101,
        "pearson_std": 0.03088194876909256,
        "cosine_sim_std": 0.00121850345749408,
        "bpm_mae_std": 3.095273763885062
    }
}